<?xml version="1.0" encoding="UTF-8"?>
<project-private xmlns="http://www.netbeans.org/ns/project-private/1">
    <editor-bookmarks xmlns="http://www.netbeans.org/ns/editor-bookmarks/2" lastBookmarkId="0"/>
    <open-files xmlns="http://www.netbeans.org/ns/projectui-open-files/2">
        <group>
            <file>file:/C:/Users/ACER%20PC/Documents/NetBeansProjects/appstudentouting/src/appstudentouting/showfelo.java</file>
            <file>file:/C:/Users/ACER%20PC/Documents/NetBeansProjects/appstudentouting/src/appstudentouting/ConnectionProvider.java</file>
            <file>file:/C:/Users/ACER%20PC/Documents/NetBeansProjects/appstudentouting/src/ConnectionProvider.java</file>
            <file>file:/C:/Users/ACER%20PC/Documents/NetBeansProjects/appstudentouting/src/appstudentouting/Login.java</file>
            <file>file:/C:/Users/ACER%20PC/Documents/NetBeansProjects/appstudentouting/src/appstudentouting/databaseConnection.java</file>
            <file>file:/C:/Users/ACER%20PC/Documents/NetBeansProjects/appstudentouting/src/appstudentouting/blokFForm.java</file>
            <file>file:/C:/Users/ACER%20PC/Documents/NetBeansProjects/appstudentouting/src/appstudentouting/LoginAdmin.java</file>
            <file>file:/C:/Users/ACER%20PC/Documents/NetBeansProjects/appstudentouting/src/appstudentouting/blokGForm.java</file>
            <file>file:/C:/Users/ACER%20PC/Documents/NetBeansProjects/appstudentouting/src/appstudentouting/securityHome.java</file>
            <file>file:/C:/Users/ACER%20PC/Documents/NetBeansProjects/appstudentouting/src/appstudentouting/OutingForm.java</file>
            <file>file:/C:/Users/ACER%20PC/Documents/NetBeansProjects/appstudentouting/src/appstudentouting/showStudents.java</file>
            <file>file:/C:/Users/ACER%20PC/Documents/NetBeansProjects/appstudentouting/src/appstudentouting/MainFrame.java</file>
            <file>file:/C:/Users/ACER%20PC/Documents/NetBeansProjects/appstudentouting/src/appstudentouting/stayOvernightForm.java</file>
            <file>file:/C:/Users/ACER%20PC/Documents/NetBeansProjects/appstudentouting/src/appstudentouting/home.java</file>
            <file>file:/C:/Users/ACER%20PC/Documents/NetBeansProjects/appstudentouting/src/PreparedStatement.java</file>
            <file>file:/C:/Users/ACER%20PC/Documents/NetBeansProjects/appstudentouting/src/DriverManager.java</file>
            <file>file:/C:/Users/ACER%20PC/Documents/NetBeansProjects/appstudentouting/src/appstudentouting/showSecurity.java</file>
            <file>file:/C:/Users/ACER%20PC/Documents/NetBeansProjects/appstudentouting/src/appstudentouting/UserProfile.java</file>
            <file>file:/C:/Users/ACER%20PC/Documents/NetBeansProjects/appstudentouting/src/appstudentouting/feloHome.java</file>
            <file>file:/C:/Users/ACER%20PC/Documents/NetBeansProjects/appstudentouting/src/appstudentouting/Appstudentouting.java</file>
        </group>
    </open-files>
</project-private>
